2013,2014,2015,2016,2017,2018,2019,2020,2021,2022,2023
AAPL,AAPL,AAPL,AAPL,AAPL,MSFT,AAPL,AAPL,AAPL,AAPL,AAPL
XOM,XOM,MSFT,MSFT,MSFT,AAPL,MSFT,MSFT,MSFT,MSFT,MSFT
GOOGL,MSFT,XOM,XOM,AMZN,AMZN,AMZN,AMZN,AMZN,AMZN,AMZN
MSFT,JNJ,GE,JNJ,FB,BRKB,FB,FB,GOOGL,BRKB,NVDA
GEC,BRKB,JNJ,BRKB,BRKB,JNJ,BRKB,TSLA,TSLA,GOOGL,GOOGL
JNJ,WFC,AMZN,JPM,JNJ,JPM,JPM,GOOGL,GOOG,UNH,META
CVX,GE,WFC,AMZN,JPM,GOOG,GOOGL,GOOG,FB,GOOG,GOOG
PG,PG,BRKB,GE,XOM,FB,GOOG,BRKB,NVDA,JNJ,TSLA
JPM,JPM,JPM,FB,GOOG,GOOGL,JNJ,JNJ,BRKB,XOM,BRKB
WFC,CVX,FB,T,GOOGL,XOM,V,JPM,UNH,JPM,AVGO
BRKB,PFE,GOOGL,WFC,BAC,PFE,PG,V,JPM,NVDA,JPM
PFE,VZ,GOOG,GOOGL,WFC,UNH,XOM,PG,JNJ,PG,UNH
IBM,BAC,PG,GOOG,T,VZ,T,UNH,HD,V,LLY
T,INTC,T,PG,CVX,V,BAC,DIS,PG,HD,V
BAC,T,PFE,BAC,PG,PG,UNH,NVDA,V,TSLA,XOM
C,KO,VZ,CVX,HD,BAC,MA,MA,PFE,CVX,JNJ
KO,C,BAC,VZ,INTC,INTC,DIS,HD,BAC,MA,MA
AMZN,FB,CVX,PFE,VZ,CVX,INTC,PYPL,MA,LLY,HD
MRK,MRK,KO,INTC,PFE,T,VZ,VZ,DIS,PFE,PG
VZ,GOOGL,HD,C,UNH,MRK,HD,ADBE,AVGO,ABBV,COST
PM,GOOG,INTC,CMCSA,V,WFC,MRK,CMCSA,ADBE,MRK,MRK
CMCSA,CMCSA,DIS,HD,C,CSCO,CVX,NFLX,CSCO,META,ABBV
ORCL,IBM,C,MRK,CSCO,HD,PFE,BAC,NFLX,PEP,ADBE
INCO,DIS,V,KO,CMCSA,KO,KO,KO,TMO,KO,CVX
WMT,ORCL,MRK,DIS,KO,MA,WFC,MRK,ACN,BAC,CRM
PEP,CSCO,GILD,UNH,PEP,BA,CMCSA,PEP,XOM,AVGO,AMD
QCI,GILD,PEP,CSCO,DWDP,DIS,CSCO,T,COST,TMO,BAC
DIS,PEP,CMCSA,PEP,BA,PEP,PEP,PFE,ABT,COST,PEP
CSCO,HD,CSCO,V,PM,CMCSA,C,INTC,CRM,WMT,KO
SLBA,WMT,PM,IBM,DIS,ABBV,BA,CRM,PEP,CSCO,WMT
HD,V,AGN,PM,ABBV,MCD,WMT,WMT,ABBV,MCD,ACN
GILD,PM,IBM,MO,MRK,WMT,ADBE,ABT,KO,ABT,NFLX
VISA,QCOM,AMGN,SLB,GE,C,ABT,ABBV,CMCSA,DHR,MCD
MCD,AMGN,ORCL,ORCL,WMT,ABT,MDT,CSCO,CVX,ACN,INTC
UTX,AMZN,BMY,AMGN,ORCL,AMGN,BMY,TMO,PYPL,NEE,TMO
BA,CVS,MO,MMM,MA,DWDP,MCD,NKE,LLY,VZ,CSCO
FB,SLB,UNH,WMT,MMM,MDT,CRM,AVGO,VZ,LIN,LIN
MMM,UNP,MCD,ABBV,MCD,NFLX,NVDA,XOM,NKE,DIS,ABT
BMY,MMM,CVS,MCD,MO,ORCL,AMGN,QCOM,INTC,WFC,WFC
COP,ABBV,MDT,MA,IBM,MMM,NFLX,COST,DHR,ADBE,CMCSA
MA,BMY,ABBV,MDT,AMGN,ADBE,ACN,ACN,WMT,PM,INTU
AMGN,UTX,MA,BMY,NVDA,LLY,PM,CVX,QCOM,BMY,ORCL
CVS,MO,WMT,QCOM,HON,AVGO,ABBV,MCD,MCD,CMCSA,DIS
ABBV,UNH,CELG,GILD,MDT,CRM,TMO,MDT,MRK,TXN,PFE
AEC1,MCD,MMM,CELG,UNP,PM,COST,NEE,WFC,NKE,QCOM
UNP,CELG,BA,BA,AVGO,IBM,PYPL,TXN,NEE,RTX,VZ
MO,BA,SBUX,GS,TXN,UNP,HON,HON,INTU,COP,TXN
OXY,COP,SLB,HON,BMY,PYPL,NKE,DHR,LOW,HON,AMGN
UNH,MA,NKE,UNP,ABT,HON,AVGO,UNP,LIN,AMGN,DHR
AIG,AXP,LLY,CVS,UTX,NKE,UNP,BMY,T,CRM,CAT
UPS,USB,HON,UTX,ACN,MO,UTX,LIN,TXN,T,UNP
GS,BIIB,UTX,USB,QCOM,TXN,TXN,LLY,AMD,NFLX,IBM
USB,GS,AIG,SBUX,CAT,TMO,IBM,AMGN,UNP,UNP,BA
ALD,AIG,QCOM,UPS,GILD,ACN,NEE,PM,UPS,UPS,PM
CELG,HON,WBA,AGN,SLB,COST,ORCL,C,PM,IBM,NOW
FOXA,UPS,GS,TWX,GS,UTX,LIN,SBUX,HON,SCHW,SPGI
BIIB,HPQ,MDLZ,TXN,ADBE,LIN,LLY,WFC,AMAT,LOW,GE
EBAY,KMI,COST,ACN,PCLN,BMY,SBUX,ORCL,MS,ORCL,COP
TWX,TWX,USB,PCLN,USB,CVS,AMT,UPS,ORCL,CAT,HON
KTF,FOXA,LOW,LLY,PYPL,NEE,MMM,LOW,MDT,QCOM,AMAT
MON,MDT,BIIB,WBA,NFLX,NVDA,QCOM,BA,BMY,CVS,NKE
F,ACT,ABT,AVGO,NKE,GILD,DHR,IBM,SBUX,ELV,UBER
MWZ,ABT,UPS,COST,CELG,SBUX,GE,AMD,CVS,DE,LOW
DD,LLY,UNP,MDLZ,UPS,BKNG,LMT,RTX,AMT,GS,GS
PCLN,NKE,ACN,NKE,LLY,CAT,CVS,NOW,BLK,SBUX,NEE
ABT,DD,PCLN,DOW,SBUX,LOW,MO,BLK,GS,LMT,PLD
SBUX,LOW,SPG,DD,COST,CI,LOW,MMM,NOW,SPGI,BKNG
NKE,WBA,CL,AIG,LMT,COP,BKNG,INTU,RTX,MS,RTX
CAT,EBAY,ESRX,LMT,LOW,AMT,FIS,AMT,ISRG,INTU,T
CL,AGN,DD,CHTR,TMO,USB,USB,CAT,AMGN,INTC,ISRG
MDT,OXY,AXP,COP,NEE,QCOM,AXP,MS,SCHW,BLK,MS
4XS,ESRX,DOW,LOW,CVS,ANTM,GILD,CHTR,PLD,GILD,BLK
DOW,COST,COP,BIIB,MS,UPS,UPS,ISRG,IBM,BA,UPS
HPQ,MET,LMT,CB,AXP,CME,CAT,GE,C,PLD,ELV
ACN,SBUX,TMO,MS,TWX,AXP,MDLZ,BKNG,ZTS,AMD,MDT
COST,MDLZ,TXN,MET,CRM,GE,ANTM,GS,SPGI,MDT,SBUX
LOW,EMC,DHR,EOG,PNC,LMT,CI,CVS,TGT,CI,AXP
EMC,PCLN,F,CL,CB,DHR,CHTR,TGT,ANTM,AMT,DE
LLY,F,MET,NVDA,BIIB,DUK,TFC,FIS,CAT,ADP,TJX
WAG,CL,TWC,AXP,CL,BIIB,TJX,LMT,BA,ISRG,VRTX
EMR,MS,TWX,PNC,COP,BDX,ADP,DE,MU,CB,BMY
DUK,DUK,OXY,ABT,CHTR,CB,BDX,MU,GE,TJX,LRCX
TXN,MON,EMC,SPG,MDLZ,MDLZ,GS,MDLZ,ADP,GE,SCHW
SPG,SPG,DUK,NEE,BLK,GS,CME,TJX,AXP,MDLZ,CVS
GM,TXN,CRM,TMO,WBA,ADP,COP,SYK,MMM,AXP,AMT
DHR,ACN,NFLX,OXY,EOG,TJX,CB,ANTM,LRCX,C,SYK
PSX,CAT,PNC,CAT,FDX,WBA,PNC,SPGI,BKNG,ADI,GILD
EOG,DHR,GM,DUK,SCHW,ISRG,ISRG,SCHW,DE,AMAT,ADI
TJX,LMT,MS,NFLX,AMT,PNC,INTU,AXP,COP,TMUS,LMT
COF,DOW,NEE,KHC,DUK,SPG,D,AMAT,ADI,MMC,C
MS,EOG,TJX,ADBE,AET,MS,SYK,TMUS,MDLZ,SYK,MDLZ
HAL,TMO,ADBE,BK,ANTM,CL,SO,ZTS,GILD,MO,ETN
FDX,TGT,KMB,GD,DHR,INTU,SPGI,MO,TJX,PYPL,ADP
PRU,MCK,MCK,TJX,BDX,FOXA,DUK,ADP,CCI,DUK,BX
PNC,PNC,BK,GM,GD,EOG,FISV,CI,SYK,NOW,REGN
TMO,TJX,TGT,SO,OXY,CHTR,TGT,PLD,MRNA,SO,MU
BLK,GM,MON,D,BK,SLB,ZTS,CL,MMC,NOC,MMC
BK,NEE,KHC,SCHW,AMAT,SCHW,BSX,GILD,LMT,BKNG,PGR
LOM,COV,BLK,DHR,AGN,CSX,MS,BDX,MO,REGN,PANW
TGT,COF,ALXN,F,RTN,BSX,AGN,ATVI,EL,PGR,CB
AAZ,FDX,SO,HAL,AIG,SYK,RTN,CB,GM,EOG,ZTS
KMB,BK,REGN,ADP,NOC,DE,MU,CSX,SHW,SLB,CI
FCX,BLK,AMT,RAI,SPG,BLK,BLK,CCI,PNC,VRTX,BSX
PCP,D,GD,BLK,MET,D,CCI,LRCX,CSX,BDX,TMUS
ADP,YHOO,KR,MON,GM,OXY,CL,DUK,CB,APD,FI
PX,SO,D,FDX,D,SO,MMC,ADSK,CME,ZTS,KLAC
T3W1,DTV,PYPL,AMT,ADP,CCI,AMAT,FISV,F,TGT,SNPS
AABA,GD,DAL,PRU,ITW,CELG,PLD,CME,DUK,MMM,SO
BAX,KMB,CAT,PYPL,MON,ILMN,VRTX,SO,EW,BSX,EQIX
D,EMR,SCHW,CRM,CI,GM,CSX,ICE,CHTR,CL,CME
MCK,TWC,FDX,AET,DE,GD,SLB,TFC,TFC,CSX,DUK
NEE,APC,ADP,ESRX,SYK,RTN,GPN,GPN,ICE,HUM,SLB
SO,PRU,EOG,COF,CME,EXC,DE,USB,EQIX,FISV,CDNS
ETN,DAL,PSX,RTN,CSX,ICE,SCHW,EQIX,CI,PNC,SHW
CBS,ADP,COF,NOC,F,BK,NOC,PNC,USB,AON,ICE
VIAB,BAX,RAI,KMB,PRU,NOC,BIIB,FDX,SO,ETN,ITW
CB,PSX,AVGO,TGT,TJX,SPGI,NOW,VRTX,NSC,ITW,MO
JCI,AMT,ACE,KMI,SO,VRTX,ITW,D,BDX,EQIX,EOG
LYB,ACE,AET,CME,COF,AGN,APD,NSC,CL,CME,BDX
DE,PX,CI,APC,ATVI,ZTS,ICE,APD,ITW,CCI,CSX
ITW,MU,RTN,JCI,MU,MPC,AMD,EL,ETN,WM,PYPL
APA,KRFT,PRU,ITW,KHC,NSC,NSC,SHW,TMUS,MRNA,USB
NOV,ALXN,CTSH,HPE,CCI,MET,EQIX,MMC,APD,USB,NOC
DTV,CSX,PSA,PSX,EMR,MMC,PSX,ITW,REGN,ICE,TGT
YUM,TRV,ANTM,BBT,PX,KMB,ILMN,PGR,FIS,EL,WM
AG4,CRM,GIS,ANTM,PSX,HUM,EOG,EW,AON,NSC,CL
PA9,SCHW,NOC,SYK,SPGI,FDX,EW,ADI,KLAC,LRCX,CMG
STT,ADBE,TRV,GIS,HAL,ITW,AON,HUM,WM,TFC,PNC
KRFT,PCP,VLO,DAL,KMB,ECL,HUM,ILMN,D,EMR,FCX
GD,ITW,BDX,EMR,ESRX,EMR,ECL,ECL,XTSLA,SHW,MCO
GIS,ANTM,BRCM,BDX,CTSH,PLD,SHW,GM,MCO,GD,APD
AMT,NSC,PCP,TRV,NSC,AEP,COF,DD,FDX,DG,MCK
COV,ADM,FOXA,AMAT,MMC,CTSH,DD,DG,ADSK,MU,MMM
8686,RTN,YUM,MMC,MAR,PSX,KMB,BSX,FISV,FCX,ANET
CRM,HAL,EMR,CI,ICE,COF,AEP,REGN,COF,ATVI,ABNB
CTSH,LYB,LYB,YHOO,ISRG,ATVI,EMR,XTSLA,FCX,MPC,NXPI
SWG,STT,VRTX,CTSH,USD,MU,GM,AON,HCA,PXD,APH
A60,ETN,CME,CSX,VLO,APD,EL,NEM,BSX,KLAC,PH
CSX,JCI,ICE,ICE,STZ,PGR,SPG,EMR,NXPI,MCK,FDX
RTN1,GIS,ECL,PX,BBT,WM,ATVI,ETN,PGR,ORLY,LULU
NSC,CTSH,EBAY,PSA,INTU,AON,AIG,NOC,HUM,D,GD
ADM,YUM,ITW,EXC,VRTX,AFL,WM,MCO,ILMN,ADM,PSX
ECL,EXC,CB,KR,EXC,TGT,EXC,KMB,ECL,HCA,ROP
ADBE,PPG,EQR,MCK,ALL,AIG,WBA,WM,JCI,GIS,AON
MPN,DE,BBT,NSC,TRV,FIS,ADI,COF,NOC,AEP,HUM
ANTM,KR,CAH,APD,DAL,PRU,LHX,ROP,PSA,SNPS,TDG
VLO,AET,SYK,CCI,EBAY,BBT,SYY,CTSH,EXC,PSX,MPC
PPG,MMC,PX,BLKFDS,FOXA,HCA,BAX,ROST,SNPS,SRE,TT
DC7,REGN,HAL,VLO,STT,BAX,SRE,HCA,IDXX,VLO,ORLY
MMC,AMAT,MMC,EBAY,AEP,HPQ,LRCX,TWTR,VRTX,MET,EMR
WMB,WMB,YHOO,AEP,LUV,SHW,PGR,IDXX,EMR,GM,MAR
TFC,NOC,CCI,PCG,APD,AMAT,BK,COP,DG,AIG,HCA
PXD,AEP,AEP,ECL,LYB,EW,ROST,EA,IQV,XTSLA,NSC
ALXN,DFS,ILMN,LUV,HUM,ADI,GD,AEP,INFO,AZO,PXD
ICE,ALL,LUV,PXD,TGT,VLO,KMI,EXC,APH,EW,ADSK
GLW,GLW,MPC,HUM,EQIX,TRV,MAR,DOW,TEL,ROP,CTAS
NTH,LUV,HPE,ETN,JCI,RHT,DOW,BAX,XLNX,KMB,XTSLA
AON,VRTX,KMI,DE,ZTS,ROST,ADSK,TEL,SPG,CNC,MSI
AET,ECL,STT,FOXA,HPQ,DAL,MET,KLAC,DXCM,APH,PCAR
ALL,NOV,AAL,BSX,ECL,MAR,DG,LHX,EOG,F,ECL
MX4A,SYK,MHFI,AON,ETN,PSA,HCA,SNPS,ROP,OXY,WELL
MRO,CME,PPG,WM,KMI,SYY,ETN,APH,ATVI,A,CCI
CMI,BBT,HUM,SE,AFL,F,MPC,DLR,CDNS,PSA,COF
CCI,VIAB,PCG,LYB,WM,ETN,AFL,CMG,MSCI,MCO,TFC
BHI,APD,JCI,SYF,PLD,SRE,MCO,ALGN,DLR,CDNS,USD
NBL,AFL,AFL,DFS,BSX,FISV,VLO,CDNS,NEM,TRV,GM
KMI,AON,EXC,AFL,SHW,KMI,PRU,SYY,CMG,JCI,MCHP
CI,CI,INTU,STT,GIS,REGN,ROP,FCX,FTNT,DXCM,PSA
SE,PSA,SYF,PLD,AON,YUM,OXY,BIIB,A,MSI,F
APD,CAH,CSX,SPGI,TEL,EL,F,STZ,GD,EXC,CARR
DVN,BDX,AON,SYY,ADI,ALL,ALL,MSCI,ALGN,CTVA,AJG
HES,CBS,NSC,INTU,PGR,EQIX,FDX,SRE,MCHP,FDX,NEM
DAL,CCI,APD,REGN,MCK,DG,NEM,A,KMB,NXPI,DXCM
EXC,INTU,AVB,BHI,BAX,ADSK,TRV,MCHP,CNC,AFL,AIG
BEN,EQR,CCL,ALXN,EA,ROP,CTSH,GIS,TT,ADSK,SPG
MU,VFC,ORLY,STZ,MPC,ORLY,DAL,MET,ORLY,FIS,SRE
CAH,VLO,TEL,ALL,ILMN,JCI,XEL,TRV,AIG,ROST,ROST
AEP,SRE,BSX,STI,FIS,KHC,WELL,DXCM,CARR,WMB,HLT
TEL,TEL,APC,MPC,PSA,WMB,ORLY,PSA,CTSH,O,EW
AMP,AVGO,STZ,MAR,ROST,STZ,VFC,APTV,MSI,AJG,IDXX
SYK,PCG,LB,ZTS,STI,PEG,GIS,XEL,MAR,DVN,DHI
VFC,MPC,ETN,ADM,PPG,LYB,APH,PH,AEP,MAR,AZO
TROW,HCN,HCN,ORLY,LRCX,WELL,PSA,MAR,MET,BIIB,MSCI
NFLX,ICE,ALL,ROST,APC,TEL,TEL,CNC,APTV,CTAS,VLO
PSA,CMI,DLPH,EQIX,PXD,EBAY,STZ,TT,BK,LHX,TEL
IP,AMP,DE,HPQ,SYY,XEL,PPG,XLNX,TROW,TT,AFL
INTU,CB,PPL,SRE,REGN,PPG,IR,BK,PAYX,HES,TRV
REGN,SE,DFS,PPG,EL,APH,JCI,GD,AZO,SYY,NUE
WFM,FCX,AZO,CBS,SYF,EQR,HLT,F,HLT,CMG,AEP
BDX,BHI,PLD,ATVI,DFS,GLW,OKE,TROW,HPQ,USD,CPRT
AMAT,WDC,MNST,FIS,GLW,AVB,EA,IQV,BAX,XEL,IQV
MHFI,PPL,MYL,ISRG,CMI,STT,ZBH,ALXN,SRE,MNST,WMB
SYY,MHFI,SRE,TEL,YUM,ED,HPQ,MNST,SBAC,MCHP,MNST
PCAR,PCAR,WM,HCN,FISV,EA,YUM,PPG,SLB,IQV,O
KR,USD,ZTS,MTB,CCL,CNC,INFO,VRSK,DD,SPG,DLR
PRGO,APA,ADM,AVB,DXC,LUV,ED,JCI,LHX,STZ,MET
DISCA,DVN,STI,AAL,SRE,MCO,REGN,HPQ,DOW,MSCI,OKE
SRE,PRGO,ROST,APA,APH,FOX,PEG,TDG,EBAY,NEM,A
STI,BRCM,GLW,USD,PH,VFC,AVB,CMI,PH,PH,KMB
M,SYY,SYY,DVN,ALXN,GIS,WEC,ALL,PXD,PAYX,BK
WM,M,AMAT,EA,WY,HAL,WMB,INFO,PPG,TEL,HES
EL,IP,HPQ,EQR,ROP,ADM,STT,EBAY,STZ,PRU,LHX
PH,LO,UAL,EIX,ED,STI,AZO,YUM,GIS,YUM,OXY
OMC,CTL,EA,PPL,SWK,IR,TROW,ORLY,PRU,ECL,CHTR
TYC,TROW,VFC,FISV,MNST,PXD,EQR,AIG,ROK,CHTR,CNC
PPL,PXD,HCA,CAH,PEG,OKE,KLAC,ZBH,YUM,ALL,D
A,HUM,PRGO,GLW,MTB,APC,TDG,ANSS,O,ENPH,JCI
LUMN,WM,BXLT,STJ,DLTR,TROW,ES,SBAC,SYY,KMI,URI
LO,STI,DG,MU,TROW,DLR,IQV,PRU,ROST,DOW,STZ
FITB,STX,FISV,AZO,FCX,KR,MSI,CTAS,SIVB,COF,DOW
PLD,BEN,BAX,ADI,ROK,WEC,EBAY,HLT,MPC,HAL,AMP
WY,SNDK,SHW,WY,WMB,ALXN,PCAR,CARR,GPN,CARR,PCG
STX,ZTS,CBS,ED,AMP,XLNX,CMI,RMD,CTAS,PCAR,ADM
PCG,AVB,ISRG,PCAR,PCAR,A,SBAC,PSX,MTD,HSY,PAYX
STJ,DLPH,ABC,VTR,HCA,DLTR,TSN,BLL,TRV,NUE,AME
DG,PLD,BHI,PEG,MCO,HLT,USD,SLB,IFF,ED,CTSH
WDC,SHW,EL,YUM,ZBH,MCK,EIX,PCAR,KEYS,CMI,FTNT
CCL,DG,BXP,CCL,AVB,ZBH,PAYX,PAYX,ADM,HLT,GIS
EQR,EIX,PEG,IP,KR,AZO,PH,ES,EPAM,DD,BIIB
VX1,LB,ATVI,SHW,XEL,LRCX,DFS,PEG,RMD,IDXX,PRU
BBBY,CMG,MTB,BAX,DG,VTR,A,EOG,MCK,BK,CEG
NUE,MYL,EIX,HCA,TSN,PAYX,FE,ROK,WBA,AMP,LEN
MJN,PEG,ROP,NWL,VFC,TWTR,CNC,AFL,MTCH,OTIS,FAST
VTR,VTR,ED,WMB,EW,CXO,PPL,WEC,WELL,MTD,KVUE
APTV,NFLX,EQIX,UAL,IP,ES,ADM,CTVA,FRC,TDG,SYY
RIG,VNO,VTR,CMI,HCN,PPL,WLTW,MSI,FAST,KHC,ODFL
MYL,CCL,PXD,APH,EQR,DTE,LUV,WBA,EA,AME,OTIS
PEAK,MJN,PGR,XEL,WDC,MTB,SWK,SWK,OTIS,EA,ON
CMG,HCP,AMP,ZBH,DLR,PCAR,FLT,FAST,VRSK,FTNT,ALL
TT,AZO,K,PGR,HPE,PH,MCHP,ADM,XEL,ILMN,YUM
CERN,RAI,OMC,FITB,ADSK,WLTW,DLR,MCK,EFX,CSGP,GWW
DOV,ROST,CERN,EW,PCG,FTV,TMUS,SPG,CBRE,VICI,FIS
SYMC,BXP,CAG,OMC,MYL,DFS,PXD,AWK,MNST,WELL,CSGP
ROK,CERN,XEL,KEY,APTV,CLX,DTE,AME,DHI,PEG,EXC
ZTS,ORLY,DLTR,PAYX,CXO,CCL,MCK,DFS,AFL,KEYS,ROK
COG,ED,TROW,WDC,ADM,CMI,TWTR,LUV,AVB,SBAC,PPG
AZO,OMC,HIG,CXO,IR,MNST,VRSK,GLW,BIIB,RMD,IT
ROST,ZMH,HCP,IR,AAL,UAL,XLNX,OTIS,AJG,KDP,VRSK
PEG,ISRG,VNO,BXP,COL,HPE,MNST,AZO,ANSS,ANET,BKR
HIG,PH,DPS,NTRS,FTV,MSI,LYB,VFC,WST,DLTR,EL
ED,MRO,ZBH,NUE,PAYX,EIX,APTV,MTD,TWTR,WEC,EXR
ABC,WY,WMB,DG,KEY,O,O,WLTW,AWK,ROK,KMI
IVZ,HES,STJ,ILMN,A,NTRS,ALXN,WELL,STT,PPG,XEL
MOS,ABC,RCL,PH,DVN,IQV,ETR,MPC,AME,ES,CMI
MAT,AA,ADI,K,FITB,NEM,LVS,KMI,CTVA,OKE,COR
HUM,STJ,MCO,ROP,CBS,FE,ROK,CPRT,PEG,CTSH,CTVA
BSX,TYC,NLSN,WEC,NTRS,SBAC,KR,DAL,DFS,BKR,RSG
BRCM,ADS,EW,TROW,VTR,ROK,CERN,STT,AMP,DLR,KDP
SNDK,XEL,PAYX,CFG,CERN,SWK,AME,CLX,ALL,KR,EA
ZBH,WFM,ADS,VRTX,RHT,VRSK,RCL,DLTR,ODFL,STT,GPN
ADI,HST,NVDA,DLTR,PPL,BXP,FTV,FRC,TDG,CEG,VICI
SHW,HIG,FIS,DLPH,WEC,CERN,WY,SWKS,NUE,AWK,DD
GWW,SYMC,APA,NEM,CFG,INFO,IDXX,WY,ANET,DHI,MRNA
COH,GGP,PCAR,HIG,OKE,MKC,CTAS,ED,CPRT,VRSK,HAL
K,FIS,CLX,MNST,ORLY,MCHP,NTRS,KR,PSX,FAST,IR
WYNN,MCO,ES,TSN,RCL,RCL,RMD,KEYS,WMB,ON,PWR
RAI,BSX,WEC,VNO,EIX,TDG,VIAC,WMB,DLTR,WBA,ANSS
FIS,FISV,APH,TAP,MCHP,FLT,DLTR,CERN,ZBRA,ABC,ED
MSI,ADI,SE,RF,NUE,OMC,GLW,FTV,ES,IT,MLM
-,NBL,SWK,DTE,BXP,AWK,MTB,EIX,ARE,RSG,EFX
PNR,EL,FITB,VFC,HIG,IP,AWK,MKC,LEN,GPN,CDW
HCN,IVZ,GGP,AMP,RF,WY,XTSLA,MXIM,WY,ZBH,RCL
VNO,NU,ESS,MYL,ES,CHD,MSCI,AJG,KMI,IFF,PEG
BXP,IR,TSN,ES,WLTW,GPN,ANSS,TTWO,CMI,DFS,GEHC
HOG,FITB,LVLT,SWK,NEM,NUE,HSY,LYB,BLL,WTW,MPWR
FISV,APH,NTRS,LRCX,AZO,AMD,CTVA,DTE,PCAR,PCG,VMC
HOT,MTB,IP,ROK,DTE,RMD,HIG,EFX,WEC,CPRT,KR
MTZ,MAR,MJN,EL,SBAC,ESS,FITB,USD,VLO,ODFL,DG
EIX,K,BLKFDS,DPS,CLX,APTV,HAL,BBY,EXR,BAX,DLTR
LB,STZ,MU,HES,CAH,AEE,VTR,VLO,EQR,ALB,DVN
PGR,FE,WY,FCX,PFG,BLKFDS,CMG,AMP,KR,APTV,KHC
MCO,SIAL,SNDK,BCR,BLKFDS,VRSN,SYF,DHI,SWK,GWW,FICO
PAYX,GPC,RHT,VMC,DPS,HIG,FAST,FLT,LH,MTB,CBRE
LTR,GMCR,CMG,CAG,BBY,TSN,BLL,ETSY,ED,TSCO,KEYS
HST,ETR,TAP,LVLT,SYMC,HRS,AMP,VTRS,FITB,TROW,DFS
ISRG,ROP,SJM,NBL,MHK,IDXX,MKC,AVB,WLTW,URI,FANG
HSY,NUE,SWKS,FTV,SWKS,AME,SNPS,HSY,RSG,GPC,ACGL
KORS,MNST,EXPE,LB,DHI,RSG,CDW,KHC,GLW,EIX,HSY
AVB,KORS,UA,WLTW,CNC,ETR,HPE,PAYC,ETSY,CBRE,XYL
FRX,GWW,CMI,DLR,UAL,SYF,SWKS,ARE,HSY,CDW,EIX
CAG,CAG,IR,MCO,MGM,BLL,CBRE,O,CDW,GLW,SBAC
CAM,HSY,DTE,PFG,XLNX,KEY,CCL,CHD,ALB,HIG,AVB
APH,DTE,VIAB,CLX,HRS,FITB,FRC,VRSN,IT,EFX,MTD
XRX,ROK,IVZ,XLNX,LNC,ALGN,ALGN,PPL,TSCO,FANG,WEC
NTAP,WHR,SYMC,ESS,K,FAST,BBY,MKTX,DVN,HPQ,WST
XEL,PAYX,NBL,LNC,VMC,HSY,KHC,VIAC,VMC,ULTA,HPQ
NTRS,SWK,BCR,LLTC,AME,NTAP,BXP,LEN,MLM,VMC,DAL
ORLY,LNC,BEN,ULTA,OMC,DXC,KEY,WST,CERN,ACGL,WBD
FE,NTRS,WDC,SYMC,INCY,EVRG,ESS,CBRE,FTV,AEE,AWK
SWN,XRX,A,SJM,ANDV,CBS,VRSN,ZBRA,ZBH,ETR,FTV
RRC,EA,CTL,O,KLAC,ABMD,CDNS,EQR,EXPE,LEN,WY
ROP,RF,ADSK,A,INFO,CTAS,CLX,RSG,OKE,DTE,APTV
CHK,NLSN,ROK,MRO,AWK,AMP,KEYS,TER,TER,WY,TTWO
KSU,HOT,TYC,ADSK,LH,K,UAL,FTNT,EIX,FE,RMD
RN7,DLTR,FE,GGP,CTL,CTL,MTD,ETR,MAA,FTV,ZBH
LNC,PGR,EFX,CERN,WRK,FANG,VMC,SIVB,DOV,AVB,CAH
EQT,MOS,PH,HBAN,O,FRC,FCX,LH,TSN,EBAY,LYB
PFG,KMX,HSIC,HSY,HLT,WAT,WDC,VMC,SWKS,FITB,TROW
ES,MSI,GPC,EFX,ALGN,CNP,AEE,FITB,IR,FRC,BR
ESV,PFG,AA,GPC,GPN,MTD,RSG,LVS,KHC,PPL,STT
CF,HOG,MAR,NOV,APA,GPC,ARE,IP,SYF,ARE,HIG
LUV,BBBY,O,NLSN,HSY,MYL,CPRT,AEE,LUV,IR,ULTA
FLR,DPS,NUE,MLM,MTD,CMS,IP,NTRS,OXY,ANSS,WTW
LIFE,LVLT,HSY,MCHP,ESS,FCX,DHI,KSU,PKI,MLM,FITB
FAST,RCL,AME,HST,FAST,MXIM,CMS,TFX,DRE,MKC,GLW
AME,BF/B,ENDP,CTXS,HBAN,CFG,AJG,QRVO,DAL,LYB,TSCO
GPC,ADSK,TSO,HCP,DOV,ULTA,OMC,TSN,NTRS,DAL,CHD
OKE,A,VMC,SWKS,LLL,RF,CFG,HOLX,CHD,NDAQ,MTB
ADS,EW,NOV,RCL,RSG,LLL,CXO,ODFL,ENPH,RJF,DTE
BWA,CF,LRCX,BEN,CAG,TSS,AMCR,SYF,STE,LH,WAB
SWK,CLX,RF,EXPE,WAT,KLAC,MLM,CDW,VRSN,WBD,ILMN
EMN,KSU,LH,MSI,XRAY,IFF,TFX,PXD,NDAQ,WAT,EBAY
FTI,BLKFDS,LNC,FAST,CMA,AJG,K,GWW,MKC,HPE,PHM
XLNX,NI,DVN,WHR,NWL,HCP,HES,XYL,URI,HBAN,NVR
WHR,ESS,PFG,LH,TAP,AAL,PEAK,AMCR,VFC,PWR,HPE
BFB,DVA,ETR,BLL,FOX,CAH,EFX,DOV,LYB,CAH,STE
KEY,RHT,COL,FOX,VRSK,EXPE,NUE,VTR,HIG,EQR,ES
CLX,FAST,CAM,XRAY,NTAP,CTXS,MGM,EXPE,USD,RF,EQR
CTXS,AME,XLNX,ADS,ABC,VMC,CHD,GRMN,STX,XYL,DOV
DLTR,NTAP,MHK,FE,TXT,MSCI,DOV,MLM,DTE,EXR,ETR
DTE,LRCX,VRSK,ETR,LB,GWW,BKR,HIG,WAT,CHD,RJF
STZ,L,FAST,RSG,IVZ,SNPS,CAG,COO,ESS,LUV,HWM
NLSN,BWA,NWL,TXT,HST,CBRE,WCG,BR,EXPD,PFG,TDY
NEM,BCR,FOX,ABC,MSI,HBAN,RF,TYL,AEE,MOH,PTC
SLM,PNR,WRK,MJN,EXPE,LH,MXIM,CAG,ETR,CFG,IFF
KSS,KSS,GWW,CTL,GGP,COO,LH,CMS,FE,CTRA,BLDR
MUR,COG,HOT,L,ETR,DRI,COO,CTLT,POOL,AES,MOH
JNPR,CFN,XL,XEC,URI,PCG,CINF,WDC,PPL,CNP,IRM
AA,WYNN,HES,AWK,MRO,L,INCY,AKAM,GWW,DOV,VTR
ADSK,KEY,CTXS,WRK,AEE,BBY,LEN,OKE,HBAN,EPAM,EXPE
ETR,TIF,DVA,DGX,IQV,ARE,FTNT,HAL,BBY,HOLX,FLT
SIAL,WEC,HBI,HRS,BEN,HST,HBAN,IR,CTLT,VRSN,ARE
DVA,TAP,HST,AEE,NBL,CDNS,GPC,URI,ULTA,TDY,PPL
BEAM,DOV,USD,GWW,SJM,MGM,EXPE,FE,GNRC,NTRS,INVH
PVH,AMG,TXT,MHK,EFX,SYMC,KSU,TSCO,TYL,CMS,NDAQ
MAR,TSN,WHR,VRSK,ALB,CE,WAT,CCL,TRMB,STE,DRI
FLS,MAC,TSCO,TDG,CBOE,XYL,MAA,INCY,XYL,CAG,GRMN
CA,TXT,WFM,AAP,EQT,MRO,FANG,STE,DGX,K,ALGN
BBY,SPLS,SLG,RHT,GPC,DHI,CE,ULTA,KEY,WAB,BAX
SJM,KLAC,CHD,IVZ,L,ANSS,EVRG,MTB,MPWR,MAA,WAT
GGP,MNK,AAP,KLAC,MLM,WCG,CAH,DGX,BR,VTR,GPC
KLAC,EQT,KEY,HSIC,MAS,HSIC,GWW,PEAK,CLX,PKI,CTRA
LLTC,XLNX,MSI,VIAB,FTI,HRL,NLOK,KEY,RF,AMCR,LH
CCE,BBY,M,KMX,FE,SWKS,DGX,CTXS,BKR,TSN,TRGP
RHT,UA,WAT,OKE,IDXX,TTWO,MKTX,EXPD,COO,DGX,WBA
RL,EMN,STX,COL,NOV,CINF,ULTA,NUE,KMX,WST,AEE
KMX,ALTR,KIM,PRGO,BHGE,IT,PFG,VAR,NTAP,CLX,FE
SPLS,GPS,KMX,LLL,WYNN,ABC,HOLX,ANET,GRMN,INVH,CCL
ALTR,COL,UHS,CPB,CTAS,EXR,KMX,K,TDY,IEX,COO
BCR,AKAM,MAC,CMA,BFB,KEYS,TIF,PKI,HAL,DRI,CBOE
GPS,RL,KLAC,DOV,VNO,EXPD,NTAP,CAH,VTR,MRO,HBAN
TXT,AEE,HRS,CMS,ETFC,CHRW,XYL,ALB,TECH,SJM,EXPD
NI,JWN,L,BBY,DGX,NRG,BR,AES,DPZ,CF,FSLR
TIF,SRCL,HRL,CHD,EMN,PFG,TTWO,RF,WDC,EXPD,NTAP
FMC,CHRW,RSG,AKAM,CMS,LEN,GRMN,ESS,TTWO,TRGP,ENPH
COL,FTI,DHI,CINF,COG,AAP,WAB,DRI,HPE,OMC,VRSN
SRCL,LLTC,AEE,HOLX,BLL,BR,EXR,CE,HES,STLD,BALL
CNP,PLL,GMCR,EQT,TSS,DGX,ZBRA,KMX,CZR,COO,AXON
DPS,LLL,CCE,STX,TDG,INCY,AKAM,HPE,PAYC,CINF,VLTO
WYND,TSCO,SRCL,MAA,CBG,EFX,STX,WAT,CFG,BBY,RF
AES,WYN,DGX,AME,LEN,ETFC,IFF,CFG,MTB,KEY,SWKS
WU,PVH,LLTC,SLG,ULTA,CBOE,CTXS,DPZ,GPC,BALL,FDS
NEBLQ,MAT,XRX,ALK,SNPS,ANET,IT,NDAQ,PEAK,BR,LVS
LLL,OKE,BF.B,EMN,FMC,TXT,UDR,IEX,ABC,ATO,STLD
SNI,HSP,CBG,MTD,HES,BHGE,MAS,POOL,SBNY,TTWO,CNP
PLL,NVDA,EMN,M,CTXS,CMA,HAS,FMC,NVR,MPWR,AKAM
WEC,COH,CMS,COG,LKQ,MAA,ATO,DRE,DRI,FMC,CLX
NWL,KIM,SNA,WAT,TPR,UDR,DRI,EXR,CRL,SEDG,TYL
NRG,NWL,MKC,CMG,ANSS,HOLX,CBOE,NTAP,HOLX,FDS,HUBB
NVDA,SJM,BLL,KIM,ARE,KMX,CNP,ABMD,RJF,LVS,NTRS
MNST,CTXS,SIG,GPN,CHD,LNC,L,BFB,AKAM,J,ALB
TRIP,URI,JNPR,JNPR,CHRW,KSS,WYNN,OXY,CMS,ETSY,LUV
UUM,RSG,BWA,CNP,CNP,LW,NVR,MAA,IP,ALGN,HOLX
MKC,CHK,TRIP,MKC,GWW,VNO,QRVO,GPC,AMCR,PAYC,PFG
EXPD,UHS,IFF,SCG,NLSN,SJM,IEX,TDY,VIAC,WRB,EPAM
MHK,CNP,MAS,WU,UNM,CMG,AES,HES,IEX,TXT,ATO
TSN,CAM,NEM,AYI,HCP,MLM,LNT,ABC,FDS,SYF,OMC
HP,CCE,CF,FRT,ADS,WDC,FMC,BKR,BBWI,MOS,WDC
XL,CA,DOV,CHRW,WHR,TAP,SIVB,NVR,FLT,APA,MKC
NWSA,EFX,IPG,MOS,XYL,DVN,HST,MAS,CE,FSLR,CMS
RSG,DGX,MCHP,MAS,MKC,MOS,EXPD,IT,FANG,INCY,TER
LUK,SWN,CPB,HOG,STX,CAG,FOXA,TIF,J,AVY,STX
TAP,MHK,AKAM,TSO,IFF,DOV,STE,LDOS,AVY,JBHT,BRO
MCHP,FFIV,LLL,DVA,RMD,TSCO,LDOS,RCL,PFG,SWKS,JBHT
CHRW,MKC,MOS,UNM,DRI,FTNT,VAR,J,CNP,EVRG,IEX
LRCX,CBG,MAT,CTAS,WYN,SIVB,DRE,STX,UDR,IRM,J
JWN,CMS,COH,XL,KMX,VAR,CTL,OMC,MGM,HWM,JBL
AEE,FLR,BBY,CA,CDNS,EMN,LW,EMN,RCL,LDOS,AVY
CNX,NEM,WU,COH,HOLX,FMC,ABC,BXP,WAB,GRMN,ESS
CMA,WAT,KSS,TSCO,PNR,LNT,HRL,SJM,MAS,LNT,CINF
WAT,TSO,MLM,SNA,XEC,HES,URI,CINF,QRVO,NVR,EQT
AKAM,WU,ARG,WFM,EXPD,NOV,NCLH,HRL,TXT,ESS,MAA
CFN,BLL,PNR,UDR,MAA,CF,XRAY,WAB,JBHT,SIVB,SYF
EFX,HRB,CHRW,EXR,ARNC,FFIV,J,AVY,CINF,LKQ,TXT
J,XEC,CA,ALB,RJF,REG,ARNC,LNT,VTRS,FLT,CE
MAC,DISCK,HBAN,CNC,AMG,TPR,NDAQ,PKG,CAG,TER,LW
PCL,LH,SEE,NTAP,PRGO,JKHY,BFB,UAL,BXP,CBOE,CFG
CSC,NRG,GT,CBG,AJG,AKAM,SJM,HBAN,ABMD,TYL,POOL
VAR,MCHP,LEN,FL,PKG,STX,NBL,BIO,AES,BRO,DGX
MAS,AES,CINF,MAT,IT,UHS,ODFL,MGM,BRO,PEAK,PODD
ADT,RRC,HOG,PNR,CINF,CPRT,LNC,EVRG,PWR,VTRS,TSN
KIM,MAS,ETFC,ETFC,DVA,APA,ALLE,PFG,LYV,AKAM,EG
SWY,SEE,MNK,LKQ,HSIC,WRK,UHS,CHRW,CCL,ZBRA,SNA
HBAN,XL,SCG,AJG,AKAM,KSU,JKHY,JKHY,EMN,TECH,CF
LH,NAVI,AMG,EXPD,VIAB,PNW,RE,ATO,K,HRL,BBY
HRB,CSC,VRSN,HRL,DISH,WYNN,WRK,HAS,EVRG,RE,SWK
DGX,UNM,MRO,FFIV,EXR,COG,AAP,NLOK,BIO,EXPE,MAS
CPB,IPG,XRAY,UHS,KSU,RJF,MRO,CNP,MKTX,KIM,LDOS
TSO,VMC,TIF,IFF,JNPR,AES,RJF,FBHS,OMC,IPG,BG
VMC,VAR,XEC,DHI,COO,NCLH,WU,XRAY,LKQ,NTAP,K
CINF,SCG,WYN,IPG,PVH,JNPR,AAL,RJF,CTRA,JKHY,PKG
VRSN,EXPD,TSS,KSU,FBHS,DRE,TSCO,WRK,TFX,NDSN,DPZ
GNW,JNPR,EXPD,DRI,TIF,IRM,PKI,IFF,CF,PTC,WRB
PETM,HBAN,PCL,URI,IRM,HAS,ANET,PHM,LNT,LW,NDSN
BLL,MUR,KSU,XYL,CA,M,PKG,CXO,IRM,TRMB,MRO
AVP,EXPE,UNM,SEE,UDR,NI,VNO,TXT,AAP,EQT,ZBRA
HRS,CMA,BBBY,KSS,HAS,NDAQ,LKQ,LW,FFIV,UAL,AMCR
TDC,DHI,CTAS,PNW,VAR,VIAB,AVY,JBHT,SJM,DPZ,HST
ARG,TRIP,EQT,ZION,REG,RE,NI,WHR,IPG,IP,UAL
IPG,IFF,CNP,LNT,BWA,PKI,CF,UDR,KIM,GEN,RVTY
CBRE,FLS,HRB,HAS,AVY,MAS,REG,HWM,NLOK,SNA,CAG
EW,SWY,VAR,MAC,ZION,BEN,EMN,FFIV,SEDG,BFB,KEY
EXPE,PETM,FCX,COO,SNA,NBL,MYL,WYNN,MOS,CPT,KIM
CMS,LEN,CPGX,COTY,SLG,FRT,CMA,ALLE,CDAY,POOL,SJM
DRI,SNA,NTAP,LEN,UHS,TIF,CHRW,AAP,PHM,UDR,TRMB
EA,RHI,GAS,VAR,CF,XRAY,TAP,UHS,CAH,PKG,LYV
TMK,CPB,HAS,HP,LNT,FTI,GL,L,UAL,TFX,LNT
FFIV,GT,CMA,JBHT,TMK,HII,DISCK,LYV,FBHS,L,VTRS
PHM,NWSA,KORS,FBHS,JBHT,DISCK,JBHT,HST,CBOE,MTCH,AES
IFF,CNX,DRI,WYN,VRSN,URI,HII,CBOE,WHR,CRL,GEN
XRAY,DRI,COG,BF.B,FRT,ALB,LYV,LUMN,INCY,CPB,LKQ
HSP,ARG,QRVO,HBI,HRL,NLSN,DVN,FOXA,HRL,NI,L
PWR,SNI,PNW,TIF,DRE,HFC,ETFC,PWR,FMC,HST,IPG
TGNA,CINF,CVC,ARNC,PNW,SNA,WRB,LKQ,ATO,SWK,IP
SEE,CTAS,FFIV,TSS,COTY,JBHT,TXT,AAL,CHRW,RCL,TECH
LEN,FDO,JWN,TMK,KORS,NWL,PHM,CPB,HAS,HSIC,KMX
SCG,FMC,URI,FTI,TSCO,PKG,APA,HSIC,BFB,GL,MGM
MWV,PNW,FLR,AMG,NCLH,IPG,NOV,NRG,PKG,CHRW,ROL
XYL,PCL,NDAQ,IRM,CPB,BFB,PNW,IPG,PTC,MKTX,CRL
DHI,XRAY,HAR,GT,KSS,AVY,NRG,BWA,MRO,MAS,PNR
SNA,HRS,JBHT,NFX,MOS,ZION,HSIC,SNA,LVS,MGM,EVRG
HAS,MWV,FTI,BWA,RE,ALLE,WHR,WRB,LDOS,PHM,JKHY
FDO,HAR,POM,HAR,XL,GRMN,DXC,LNC,WRK,JNPR,MOS
JOY,HP,TMK,AES,AOS,LKQ,SNA,RE,CTXS,CE,TFX
HRL,GCI,RL,NDAQ,NDAQ,QRVO,DISH,GL,HST,STX,UDR
DEN,IRM,XYL,FMC,ALK,TMK,IRM,NI,RHI,WDC,NRG
LSI,PHM,DISCK,LUK,PHM,WU,FRT,WU,AAL,LYV,INCY
CTAS,LUK,AES,XRX,SEE,ARNC,BWA,PNW,JKHY,EMN,TAP
GT,ESV,ALLE,EVHC,NI,ALK,FBHS,IRM,REG,CDAY,MKTX
OI,ETFC,TE,CF,WU,BWA,ZION,MHK,HWM,TAP,ALLE
FOSL,HRL,RHI,FLR,HOG,MHK,FTI,DVA,XRAY,KMX,REG
PNW,TMK,AIV,NI,NRG,IVZ,IPG,PNR,ALLE,REG,QRVO
RHI,XYL,NI,AIV,AMD,ADS,KIM,ROL,PNR,BXP,APA
GME,MLM,PVH,PVH,QRVO,JEC,FFIV,LB,JNPR,BBWI,PEAK
GRMN,POM,SPLS,KORS,LUK,AIV,CPB,TAP,WRB,BWA,NI
ETFC,FTR,PKI,VRSN,FFIV,PVH,MHK,CF,AOS,ALLE,WRK
GAS,TDC,LUK,WYNN,SNI,SCG,JNPR,TPR,LNC,FOXA,EMN
TSS,GAS,HP,SNI,PKI,RHI,ALK,AIZ,LUMN,HII,FFIV
HAR,GRMN,AVY,JEC,JEC,WHR,ALB,IPGP,FOXA,QRVO,CPT
ZION,ADT,LEG,QRVO,GT,PHM,PVH,NWL,CMA,BIO,CDAY
QEP,RIG,PHM,SIG,IPG,SLG,PNR,MOS,L,TPR,BFB
BTU,TEG,TGNA,SRCL,M,UNM,KSS,NCLH,SNA,VFC,GL
IRM,HAS,GPS,LEG,KIM,CPB,AIV,DISH,RE,UHS,BXP
AVY,VRSN,WYNN,RRC,ALLE,DVA,AIZ,DISCK,HSIC,WRK,CZR
AIZ,PWR,ZION,FLS,HBI,KIM,PBCT,CMA,BWA,CZR,HII
PBCT,LEG,FLS,AVY,AAP,FL,ABMD,FANG,NRG,AAP,PAYC
POM,JEC,FTR,RHI,AYI,PNR,HFC,AOS,TPR,CMA,CHRW
WIN,ZION,ADT,ALLE,GPS,XEC,SLG,JNPR,NI,PNW,AOS
PBI,NDAQ,AIZ,BBBY,FLR,FLIR,MOS,SEE,SEE,FFIV,MTCH
DNB,TSS,NFX,PBCT,AES,AOS,TPR,NLSN,MHK,ROL,HSIC
FTR,AIV,FMC,SPLS,CMG,DISH,NWL,RHI,APA,PARA,BBWI
PKI,LM,SNI,DISCK,MAC,NKTR,PRGO,REG,FRT,WYNN,ETSY
LM,ALLE,IRM,RIG,HP,RL,NLSN,BEN,ZION,IVZ,JNPR
NDAQ,DISCA,OKE,PKI,RHI,TRIP,RHI,ZION,LW,AAL,NWSA
IGT,THC,JEC,JWN,AIV,KORS,BEN,NWSA,UHS,CTLT,RHI
HCBK,FOSL,NWSA,PHM,GRMN,LB,COG,IVZ,WYNN,CCL,UHS
NBR,WIN,FSLR,GRMN,FLIR,PBCT,FLIR,HII,BEN,RHI,HRL
RDC,PKI,PBCT,UAA,PBCT,HOG,LEG,ALK,CPB,HAS,AAL
LEG,R,AN,TRIP,LEG,USD,XRX,KIM,NWSA,WHR,WYNN
TEG,PBI,GRMN,AIZ,NFX,SEE,IVZ,PVH,AIZ,BEN,NCLH
USX1,HCBK,RIG,PWR,XRX,FBHS,DVA,COG,GL,FRT,AIZ
FLIR,TE,LM,CHK,NWSA,GPS,FLS,DXC,PENN,NRG,TPR
BMS,AIZ,RRC,MNK,PWR,ROL,SEE,DVN,NWL,PNR,BEN
THC1,AVY,NAVI,SWN,FL,HRB,AOS,FRT,DISH,ZION,BWA
WPX,PBCT,CSRA,RL,RL,JWN,PWR,PRGO,TAP,AOS,CPB
URBN,JOY,PBI,MUR,SRCL,HP,RL,LEG,DXC,SBNY,CTLT
CLF,FLIR,DISCA,HRB,SCG,PRGO,UNM,FLIR,PNW,SEE,PNW
DOFSQ,CVC,FLIR,NAVI,BHF,AMG,HOG,VNO,ROL,OGN,IVZ
ALLE,AN,PDCO,GPS,JWN,JEF,FOX,NOV,PBCT,NWSA,GNRC
R,OI,DNB,FLIR,AIZ,FLS,NWSA,HBI,NCLH,XRAY,FMC
FSLR,DNB,NRG,UA,FLS,GT,CPRI,PBCT,HII,AIZ,FRT
ATI,GNW,MUR,DNB,HRB,MAC,HBI,APA,IVZ,GNRC,XRAY
CVC,NE,ESV,TGNA,MAT,LEG,M,MRO,DVA,DXC,CMA
AIV,PDCO,TDC,CSRA,CSRA,AIZ,DISCA,DISCA,OGN,ALK,FOXA
TE,AVP,PWR,NWSA,DISCK,FLR,XEC,UNM,PVH,MHK,PARA
PDCO,ATI,R,DISCA,EVHC,HBI,IPGP,RL,NLSN,NCLH,BIO
NFX,NBR,THC,R,RRC,PWR,HP,VNT,DISCK,LUMN,WHR
JBL,NFX,GME,FTR,TRIP,NWSA,ROL,FLS,VNO,NWL,HAS
AN,GME,OI,NRG,CHK,XRX,HRB,SLG,ALK,UBFUT,ZION
GHC,URBN,SWN,TDC,NAVI,IPGP,LB,GPS,IPGP,LNC,VFC
,FSLR,CHK,PDCO,DISCA,DISCA,ADS,UBFUT,RL,RL,RL
,QEP,URBN,ENDP,SIG,BHF,JWN,FOX,FOX,DVA,DVA
,DNR,CNX,AN,PDCO,MAT,UAA,FTI,UBFUT,FOX,MHK
,DO,FOSL,PBI,UAA,UAA,UA,HFC,DISCA,DISH,SGAFT
,UBSFT,NWS,FSLR,UA,UA,GPS,XRX,UA,VNO,FOX
,ESH5,DO,URBN,NWS,COTY,COTY,UAA,UAA,NWS,NWS
,,UBFUT,UBFUT,UBFUT,NFX,UBFUT,UA,GPS,ESH3,ESH4
,,ESH6,NWS,ESH8,UBFUT,NWS,NWS,NWS,,
,,,ESH7,,NWS,ESH0,-,ESH2,,